ID,USERNAME,FIRSTNAME,LASTNAME,EMAIL,PASSWORD,CONFIRM,PHONE,SEX,ADDRESS,BAL
14,kokomnia,afolabi,sunday,afo@yahoo.com,afolabi12345,afolabi12345,08132930957,male,molete,500.0
16,lappy1,afolabi,sunday,afo@gmail.com,12345,12345,08132930957,male,moniya,4000.0
17,DFGHJK,DFGHJKL,DFGHJKL,DFGHJK@,12345,12345,12345678902,MALE,MONIYA,5000.0
18,afolabi,sunday,sunday,afolabi@yahoo.com,12345678,12345678,12345678912,male,afolabi,
19,afo,afsdfghj,dfghjk,dfghjk@yahoo.com,har4labi01,har4labi01,08132930957,male,dfghjkl,
20,afolabi,sunday,koko,koko@gmail.com,12345,12345,08132930957,Male,moniy,
22,,,,afo@gmail.com,12345,12345,08132930957,,,
23,HARRISBRIAN,KEVIN,BAKER,JUSTINGARCIA@EXAMPLE.COM,@!6FNHMVDE,@!6FNHMVDE,+1-512-863-9367X232,FEMALE,"UNIT 4629 BOX 4649
DPO AP 09546",65811.0
24,TARA35,BECKY,THOMAS,CURTISCAROLYN@EXAMPLE.NET,&6ZJ!DNX_J,&6ZJ!DNX_J,0201040010,MALE,"78922 KEVIN LANE
NEW LARRYVIEW, AL 65273",68794.0
25,MMARTINEZ,RANDY,CONTRERAS,ELIZABETHMILLER@EXAMPLE.COM,B+#24LZ3E8,B+#24LZ3E8,7008438970,FEMALE,"00011 RACHEL VILLAGES APT. 238
LAKE SARAH, VT 38867",65814.0
26,CHRISTOPHER29,DAVID,NEWMAN,SHANSEN@EXAMPLE.ORG,E(!8J6EZYD,E(!8J6EZYD,(264)818-2145X150,MALE,"57990 BERRY ORCHARD
NEW OLIVIAFORT, NY 75090",68711.0
27,PATRICKRILEY,MONICA,MARKS,BRENDACLAY@EXAMPLE.ORG,E%1YRAZUNW,E%1YRAZUNW,001-856-097-3839X3859,FEMALE,"0359 COBB JUNCTIONS APT. 476
LAKE ERIKA, PW 94193",76753.0
28,JOHNSONTRAVIS,CAROLYN,SMITH,TRAVIS16@EXAMPLE.COM,V_L7OQAP(6,V_L7OQAP(6,+1-139-952-1710,FEMALE,"3325 JENNIFER LODGE
WILLIAMSSHIRE, VA 94026",80025.0
29,MARTINBENJAMIN,IAN,RUSSELL,ROSEERIKA@EXAMPLE.NET,^5AKEC6JRJ,^5AKEC6JRJ,+1-883-057-7634X28945,MALE,"4448 PATRICIA SUMMIT
ERINBURGH, UT 55436",77879.0
30,RYANMARTIN,PHILLIP,PHILLIPS,SAMANTHA42@EXAMPLE.NET,PECCXOSF(9,PECCXOSF(9,272-369-4706X852,FEMALE,"494 MARIA MILL
PAULVIEW, IL 19486",54290.0
31,HENRY09,RACHEL,COOK,TINA22@EXAMPLE.ORG,^UEVPBCP+5,^UEVPBCP+5,+1-495-170-2979X570,MALE,"790 JOHNSON PORT APT. 368
GIBSONSHIRE, WI 72074",36997.0
32,CHRISTOPHERSTEVENS,CHRISTOPHER,DELGADO,FMASON@EXAMPLE.COM,VC*@0VAHK!,VC*@0VAHK!,779-143-0028X72562,FEMALE,"511 MCDONALD ISLAND SUITE 280
SOUTH ANGELABOROUGH, AS 11664",37152.0
33,LUNDERWOOD,WANDA,BURGESS,PORTERBRIANNA@EXAMPLE.COM,WDI7SKHE&Y,WDI7SKHE&Y,+1-440-333-3502X971,MALE,"829 EATON MISSION SUITE 945
KELLERVILLE, LA 43102",20684.0
34,KARENVASQUEZ,KAYLA,HILL,ZTAPIA@EXAMPLE.COM,I3SN7PGEG$,I3SN7PGEG$,+1-678-003-8356X767,MALE,"71528 ANGELA GARDEN APT. 167
JOHNTOWN, WI 01451",14216.0
35,AFISHER,ANA,SULLIVAN,JOHNGROSS@EXAMPLE.ORG,FV4YCYYEK!,FV4YCYYEK!,(234)241-9303X1150,MALE,"92648 CHRISTOPHER HILL
NEW DANIEL, PW 94545",99076.0
36,ROGER17,JAMES,SHORT,JULIE90@EXAMPLE.ORG,%ZYBQ(VI(7,%ZYBQ(VI(7,764.106.0869X863,MALE,"0239 BROWN VIEW
ADAMLAND, VA 96187",97798.0
37,NATALIE29,ROBERT,BALL,JOSEPHMURPHY@EXAMPLE.ORG,SF2FQX_#E@,SF2FQX_#E@,834.944.5332X70354,MALE,"2829 GATES CIRCLE
TROYSIDE, NY 75346",60815.0
38,SUSAN77,CHARLES,ROBERTS,NELSONALEJANDRO@EXAMPLE.ORG,_NDS3F!^A3,_NDS3F!^A3,001-817-329-4669,MALE,"864 RICHARD PORTS SUITE 586
NORTH STEFANIE, KY 08734",69854.0
39,LVAZQUEZ,KELLY,THOMPSON,CLAUDIA80@EXAMPLE.COM,9YWYXNCZ#L,9YWYXNCZ#L,(956)745-4753,MALE,"4024 MARTIN VILLAGES SUITE 097
WEST BRIANPORT, NE 24059",95826.0
40,WARDSTEVEN,MARK,WALKER,XLIU@EXAMPLE.ORG,_K9)ANWNEL,_K9)ANWNEL,(012)106-4073,MALE,"8549 JONATHAN PRAIRIE
LEBLANCBURY, DC 28550",46335.0
41,DENNISALLISON,TAYLOR,GUERRA,JAMES59@EXAMPLE.ORG,%J#1ENCFTP,%J#1ENCFTP,001-029-631-1426,MALE,"844 HERNANDEZ PLAIN APT. 520
RAYFORT, ID 43122",36385.0
42,AARONBISHOP,ANDREW,CHAN,WILKERSONROBERT@EXAMPLE.ORG,Y@2GB8A^JC,Y@2GB8A^JC,001-640-890-9437X049,FEMALE,"USNV BERRY
FPO AA 08983",27197.0
43,AMYWALLER,JACLYN,DAVIS,CHAPMANSHIRLEY@EXAMPLE.COM,PKJEP!LV#7,PKJEP!LV#7,001-860-388-3795X8214,FEMALE,"UNIT 1113 BOX 7189
DPO AP 27210",69132.0
44,GEORGEMITCHELL,EDWARD,SMITH,MONICAREEVES@EXAMPLE.ORG,Z$36T8@JF9,Z$36T8@JF9,(343)911-8435,FEMALE,"055 DAVIDSON PASSAGE SUITE 212
WEST MAKAYLABERG, MH 25775",56234.0
45,MKELLEY,SCOTT,JAMES,FROBINSON@EXAMPLE.ORG,+L5XG#YKEY,+L5XG#YKEY,190-830-4806X236,MALE,"780 PHILLIP DRIVE SUITE 228
SOUTH ROBERTLAND, FL 52098",78730.0
46,BENJAMIN30,DAVID,RYAN,DIANA80@EXAMPLE.NET,(LTZ2HWA7*,(LTZ2HWA7*,237-294-5757X703,MALE,"75139 SCHULTZ FERRY APT. 001
DOYLEVILLE, MT 15337",71806.0
47,EVANSEDWARD,MARY,PATTERSON,MSANCHEZ@EXAMPLE.COM,4CEN^HCS*5,4CEN^HCS*5,168.252.3722,MALE,"7232 TANNER STREAM SUITE 680
SHEPHERDBOROUGH, VA 86120",25616.0
48,ANDREW19,CHRISTOPHER,SANCHEZ,ZBROWN@EXAMPLE.ORG,LTY6(ORER^,LTY6(ORER^,+1-212-728-9125X045,FEMALE,"27729 SARA GLENS APT. 343
DEREKPORT, FM 17574",70511.0
49,BELINDASMITH,ANDREA,THOMAS,ZSHAW@EXAMPLE.ORG,KZ91J+LD!X,KZ91J+LD!X,884.684.9329X37968,MALE,"261 EDWARDS STREETS SUITE 714
FREDERICKSIDE, AR 13896",73231.0
50,ESILVA,PAUL,DAVIDSON,ASHLEYHART@EXAMPLE.COM,*B#9RJTDUL,*B#9RJTDUL,(297)029-8261X9012,MALE,"388 EMILY MEADOW SUITE 650
REBECCASIDE, NE 57588",56547.0
51,DARREN95,MATHEW,BROWN,JOSEPH43@EXAMPLE.ORG,L7PSKMRC)T,L7PSKMRC)T,2184082085,FEMALE,"54851 JODI REST SUITE 372
PHILLIPSBURY, OH 79766",9243.0
52,ALUTZ,LISA,THORNTON,TONY50@EXAMPLE.ORG,^6V6WSIZ9I,^6V6WSIZ9I,000.337.6896X9122,FEMALE,"816 RILEY LODGE
LAKE NATALIEFURT, ND 27492",28880.0
53,ANTHONYCHAVEZ,ELIZABETH,PETERSON,ELIZABETHDANIEL@EXAMPLE.COM,^R5ZNOJ^B8,^R5ZNOJ^B8,(672)739-7131X581,FEMALE,"90779 MILLER WELL SUITE 977
NORTH JOSEFURT, ME 76655",72792.0
54,ROBERTSANDREW,ELIZABETH,RODRIGUEZ,JACKSONKYLE@EXAMPLE.COM,*SPWIANDS1,*SPWIANDS1,285.122.1097X3302,MALE,"6344 RICHARD OVAL SUITE 556
NORTH BARRY, WV 54559",47216.0
55,ANGELMONROE,ROBERT,WALTERS,ZSHAFFER@EXAMPLE.ORG,SZIT0FIB)8,SZIT0FIB)8,(201)195-0406X2454,FEMALE,"44247 MULLINS FORGES
SOUTH KELSEY, CO 09932",47487.0
56,CHUBBARD,KIMBERLY,CHAN,MELISSA43@EXAMPLE.ORG,L8)8+7HJ_P,L8)8+7HJ_P,+1-345-798-3446X872,FEMALE,"33564 DANIELLE DRIVE SUITE 854
LAKE GREGORYVILLE, RI 84881",13993.0
57,CHRISTOPHERLAM,ROBERTA,GONZALEZ,GONZALEZKRISTI@EXAMPLE.NET,$SGNPV4J4%,$SGNPV4J4%,001-939-050-3456X98671,MALE,"9824 DAVID ISLANDS
WILLIAMTOWN, OH 75263",89855.0
58,KBRADLEY,DANIELLE,MILLER,LOPEZSTACY@EXAMPLE.COM,Y16PNXDB%%,Y16PNXDB%%,673-325-9117X0096,MALE,"1333 JOHNSON EXTENSION
AUSTINVILLE, OK 55249",66275.0
59,KIMBERLYANDRADE,JODI,PETERSEN,DSMITH@EXAMPLE.COM,*9JXJGHR4$,*9JXJGHR4$,069-342-5038,MALE,"78696 HESTER PATH APT. 137
NEW JESUSBERG, NV 97586",9587.0
60,WALTERSDANIEL,MELISSA,STEELE,RIVERSHEATHER@EXAMPLE.ORG,&FREG$)EU1,&FREG$)EU1,868.244.4033,MALE,"13321 JULIE FORKS
HAMPTONSTAD, WA 23170",21357.0
61,MIRANDA53,ANNA,SMITH,SHUNTER@EXAMPLE.COM,*J2^QG2JCK,*J2^QG2JCK,(529)042-3416X78735,FEMALE,"5074 NIELSEN SHORE
KINGCHESTER, ND 07741",20361.0
62,SJENSEN,CHRISTINA,JACKSON,TAYLORFITZGERALD@EXAMPLE.NET,)FBMGPXA_9,)FBMGPXA_9,(634)002-7438X5241,FEMALE,"9435 PERRY CREEK APT. 774
MATTHEWHAVEN, UT 55443",72495.0
63,ALYSSAHARPER,LOUIS,ROBINSON,PAMELACUMMINGS@EXAMPLE.NET,3WNAX0BG#D,3WNAX0BG#D,(891)607-7640,MALE,"USCGC VALENTINE
FPO AA 71072",11997.0
64,TANNERBRIAN,MICHAEL,GONZALEZ,FSMITH@EXAMPLE.COM,TUHE0PK!)7,TUHE0PK!)7,896-629-0772,FEMALE,"3967 OCHOA PORTS SUITE 234
MORSEHAVEN, NH 24616",12755.0
65,DAWN01,LISA,NELSON,JEFFREYELLIOTT@EXAMPLE.ORG,+WS00KUSQG,+WS00KUSQG,227-152-6694X13946,MALE,"39699 JENNIFER STRAVENUE APT. 183
WEST AMYSHIRE, UT 70943",50681.0
66,JOSHUAMCMAHON,ROBERT,LEE,DANIELLE65@EXAMPLE.NET,*VNUJYDXS8,*VNUJYDXS8,427.758.8752X266,FEMALE,"18061 PORTER VILLAGE
DALESTAD, LA 73355",36600.0
67,KEVINMARTIN,MICHAEL,CANNON,DOUGLASJEREMY@EXAMPLE.ORG,%@0*H*HHPB,%@0*H*HHPB,(279)294-8239X530,FEMALE,"9540 SHEPHERD PRAIRIE SUITE 945
MICHAELBERG, OK 24226",80604.0
68,BRYAN66,THOMAS,CHURCH,QLONG@EXAMPLE.NET,S8@@2TKZ@T,S8@@2TKZ@T,(758)525-2241X739,FEMALE,"336 GONZALEZ VILLAGE APT. 712
JENSENMOUTH, PR 79091",23400.0
69,ORODRIGUEZ,BARBARA,THOMPSON,XRAMSEY@EXAMPLE.ORG,!3BIGXRPHJ,!3BIGXRPHJ,+1-775-157-5576X242,FEMALE,"361 MAYS GREEN
SOUTH JAMES, SD 18450",6780.0
70,MNOBLE,CRAIG,JACKSON,SMITHROBERT@EXAMPLE.NET,NM$!2QE%UB,NM$!2QE%UB,040-209-5220X30418,MALE,"UNIT 1186 BOX 9160
DPO AP 60775",45578.0
71,FLORESSTEVEN,CRYSTAL,HARRIS,KEVIN82@EXAMPLE.ORG,(J9MVI!MEY,(J9MVI!MEY,8964254409,MALE,"4532 CRAIG DIVIDE
WEST JEFFFURT, IL 65987",41710.0
72,MORALESRONALD,TODD,CRUZ,FOWLERTIMOTHY@EXAMPLE.NET,FJZ58PSD^&,FJZ58PSD^&,715-829-3077,MALE,"15776 DAVIS CROSSING
NEW JEFFERY, WV 17675",87336.0
73,HOBBSKRYSTAL,CAROLYN,BAILEY,HOOVERLINDSEY@EXAMPLE.NET,H#0V_XZ5YS,H#0V_XZ5YS,112.637.7023,MALE,"5867 CHRISTOPHER FIELDS
CAREYTON, PW 56465",79800.0
74,CHENDEVIN,RACHEL,KING,CYNTHIA21@EXAMPLE.NET,XW7@OPUB)D,XW7@OPUB)D,639-422-0835X3887,MALE,"6923 LAWSON SPRINGS
SHELLYTON, WI 20772",10155.0
75,SCHMIDTJENNIFER,LAURA,AUSTIN,REGINATHOMAS@EXAMPLE.ORG,+5A5UNFI^I,+5A5UNFI^I,460-682-0548,FEMALE,"25652 AMANDA VILLAGE SUITE 242
WEST WARREN, TX 40310",20897.0
76,ERICPARK,SEAN,BEAN,SMITHBRIAN@EXAMPLE.NET,_8*U$M8DJI,_8*U$M8DJI,+1-806-100-2503X55775,MALE,"2198 PARKER TRAIL
SOUTH ROBERTBURY, AL 52777",20684.0
77,XLAMBERT,ROBERT,MEYERS,NPETERSON@EXAMPLE.ORG,WF99IB*D&S,WF99IB*D&S,(728)582-0334X61618,FEMALE,"1330 BRIAN CORNER
NEW LISA, WV 32955",94996.0
78,MADDOXPAUL,LEAH,DOUGHERTY,ANNCARTER@EXAMPLE.NET,JB!66T1O@J,JB!66T1O@J,(943)596-1436X2125,FEMALE,"43067 MARTHA WALL SUITE 805
MONTGOMERYVILLE, AR 13278",40351.0
79,MALONEKATHERINE,ALAN,LANE,NANCY84@EXAMPLE.ORG,$+NA&U@M1Z,$+NA&U@M1Z,(662)570-8843X4649,FEMALE,"UNIT 3818 BOX 4719
DPO AE 59644",42105.0
80,BAKERTINA,CHRISTY,THOMPSON,LARRYFLORES@EXAMPLE.ORG,*MS@0YPDPO,*MS@0YPDPO,2398220362,MALE,"0350 NEWTON LODGE
GREERBURY, CA 50601",41725.0
81,SHELBYPERRY,MARK,BOWMAN,GRIFFINELIZABETH@EXAMPLE.ORG,%OBJIT5T8U,%OBJIT5T8U,001-158-715-8476X2506,FEMALE,"9068 CROSS CIRCLES APT. 493
EAST JONATHAN, MA 98748",34721.0
82,CHRISTOPHERFLETCHER,TONYA,PETERSON,TRACYANDERSON@EXAMPLE.ORG,D@*9I_GY*G,D@*9I_GY*G,(333)344-1368,MALE,"932 BARNETT ISLANDS APT. 728
RICHARDTOWN, IL 81421",77741.0
83,KYLE84,MALLORY,BLANKENSHIP,NSANDERS@EXAMPLE.NET,*^#LWZEYV0,*^#LWZEYV0,181-299-3879,FEMALE,"6601 WALTER LIGHT SUITE 102
STEPHANIESIDE, NE 03856",95448.0
84,XVASQUEZ,CLAIRE,GREGORY,CHRISTOPHERMACK@EXAMPLE.ORG,W&9BRZGTVC,W&9BRZGTVC,001-676-528-6683X918,FEMALE,"PSC 8571, BOX 0407
APO AA 27759",44053.0
85,ALEXANDRA95,MATTHEW,HUDSON,DONOVANTYLER@EXAMPLE.NET,J$X2VUES25,J$X2VUES25,665.117.6069,MALE,"78012 MARTINEZ LANE APT. 414
BRANDYBURY, HI 52272",59707.0
86,PETER53,MICHAEL,WILLIAMS,ZORTIZ@EXAMPLE.NET,@1QRB_PDI0,@1QRB_PDI0,900.592.8078X9387,FEMALE,"473 HUNTER STRAVENUE
ADAMSBURGH, WY 57812",24523.0
87,ADAM28,TAMMY,OSBORNE,BROWNBARRY@EXAMPLE.COM,7LIULDYZ@M,7LIULDYZ@M,6584922626,FEMALE,"61151 MARTINEZ CAUSEWAY APT. 097
SOUTH KELLY, VI 05606",33512.0
88,TRACY62,THOMAS,FERNANDEZ,OMIRANDA@EXAMPLE.ORG,&E2DXLZPF8,&E2DXLZPF8,(455)447-3557X944,MALE,"62412 CHRISTOPHER LAKES SUITE 089
WARDVIEW, MI 56532",33840.0
89,RILEYGARY,JOSE,RAMOS,KATHY38@EXAMPLE.COM,_X5*DYNHRP,_X5*DYNHRP,(327)496-0802X627,FEMALE,"9032 ALEX STREAM
LAKE MICHAEL, VA 31734",16069.0
90,JONESDESIREE,MICHAEL,DEAN,VICKI04@EXAMPLE.NET,0GCCASSC&_,0GCCASSC&_,(239)404-4061X68801,FEMALE,"422 NELSON FIELD
PORT DAVID, MD 47356",26029.0
91,FLORESNORMA,SANDY,CARSON,BRIANFOX@EXAMPLE.ORG,%JNWKQRDG5,%JNWKQRDG5,+1-031-489-5264X4676,FEMALE,"08691 CARRILLO LOCKS APT. 011
WILLIAMSFURT, WA 49992",6472.0
92,TIMOTHY62,MATTHEW,MCCORMICK,KYLEMOORE@EXAMPLE.COM,D*0AYCQP&C,D*0AYCQP&C,323.099.9094,FEMALE,"3573 CRAIG FORKS
BROWNVILLE, ME 23371",60313.0
93,DERRICK75,CHERYL,VASQUEZ,DHEBERT@EXAMPLE.COM,+QM$ZQC4M8,+QM$ZQC4M8,9873867653,FEMALE,"74649 WILLIAMS VIEW SUITE 421
MCCOYSHIRE, SD 81102",30605.0
94,JESSICAWARD,JON,JONES,RIVERACODY@EXAMPLE.NET,&8MP+RE2TF,&8MP+RE2TF,+1-702-268-6769X848,MALE,"2805 HALL LAND SUITE 902
COLEMANTON, NH 51682",4997.0
95,JULIA14,COLIN,BOYER,JESSICA67@EXAMPLE.NET,*K9ON2O#27,*K9ON2O#27,(172)043-5640X2104,MALE,"82447 THOMAS PRAIRIE
ROSETON, NH 79005",60957.0
96,DAVID27,MICHAEL,TORRES,CARRILLOMARK@EXAMPLE.NET,*QD$IX)J(9,*QD$IX)J(9,407-566-0964,MALE,"59351 WELLS CANYON
DANIELVIEW, MT 88252",80718.0
97,ZHOWELL,STEPHEN,JONES,PEREZERIC@EXAMPLE.NET,^ZU8M&1PL5,^ZU8M&1PL5,+1-594-823-4883X02563,MALE,"617 FOWLER SUMMIT
MARGARETBURGH, MT 42384",23059.0
98,BRIAN10,ADAM,JOHNSON,CHELSEAGARDNER@EXAMPLE.NET,(EYEVDXQF8,(EYEVDXQF8,704.956.3435X99853,MALE,"791 ELIZABETH BROOKS
PERRYHAVEN, FL 76344",89041.0
99,CHERYLHARRIS,LINDSEY,CHUNG,ANNAJOHNSON@EXAMPLE.ORG,ZEQGNYOG)7,ZEQGNYOG)7,(555)211-6760,FEMALE,"267 REYNOLDS SQUARES
KEVINVILLE, WI 31665",93685.0
100,AMBER61,STEPHANIE,JACOBS,PECKPHILIP@EXAMPLE.NET,%&8UHZCINH,%&8UHZCINH,001-582-369-8596X992,FEMALE,"96699 LOPEZ BRANCH APT. 967
DANIELBURGH, TX 84647",28732.0
101,KIMBERLYBROWN,JENNIFER,CRUZ,JEREMY34@EXAMPLE.COM,FY^*4ETHNC,FY^*4ETHNC,001-344-332-5374X793,FEMALE,"682 MCLEAN TURNPIKE APT. 615
NEW ELIZABETH, SC 45171",32222.0
102,RICARDO10,OLIVIA,DANIEL,CINDY54@EXAMPLE.COM,#G8B!)MH+V,#G8B!)MH+V,425.028.7139X8523,FEMALE,"477 WOLF BURG
BUCKTON, CO 86989",81365.0
103,BRIANNATHOMAS,PRISCILLA,FOSTER,GHERNANDEZ@EXAMPLE.COM,8PLWU%N%(4,8PLWU%N%(4,+1-056-531-7789X208,MALE,"1137 BAKER MEADOWS
PORT KIMBERLYFURT, UT 59672",34413.0
104,MEGANBUSH,JESSICA,SCHNEIDER,OBROOKS@EXAMPLE.COM,&71AS!LKKI,&71AS!LKKI,+1-350-723-0325X745,MALE,"07845 SHANNON KNOLLS APT. 715
WILLIAMSFORT, ME 23547",31658.0
105,ZMULLINS,LISA,FLYNN,ANGELAYOUNG@EXAMPLE.NET,6G)#3PLDFJ,6G)#3PLDFJ,880-403-2495X5327,FEMALE,"2616 SINGH PINES
JASONHAVEN, OH 22060",16358.0
106,GARY14,AMBER,RIVERA,ANTHONYMATTHEW@EXAMPLE.COM,$87!UKBD!1,$87!UKBD!1,7074547512,FEMALE,"492 MICHAEL SPRINGS APT. 079
LAKE RYANVILLE, MI 87142",47982.0
107,JOHN85,ANDREW,SANCHEZ,MCCARTYJAY@EXAMPLE.COM,L86C0RYY*S,L86C0RYY*S,+1-555-216-4784X94498,MALE,"32935 THOMAS CAPE
SHAWSTAD, NY 51458",99098.0
108,HUANGBENJAMIN,JESSICA,WOODARD,CHAVEZSHELBY@EXAMPLE.COM,$B8XJYAHPA,$B8XJYAHPA,484.470.3565X998,FEMALE,"85524 MICHAEL RAPID APT. 602
ELIZABETHSTAD, KY 18009",41434.0
109,BETTYGATES,FERNANDO,HUFFMAN,KATRINA04@EXAMPLE.COM,FJ!1RNGK6!,FJ!1RNGK6!,(950)716-9456X945,MALE,"921 SELLERS RANCH
EDWARDSSIDE, ID 35182",62515.0
110,BAIRDASHLEY,CARRIE,BARNES,KIMBERLYSILVA@EXAMPLE.ORG,V%ES1ZXMMM,V%ES1ZXMMM,001-171-390-9030X4363,FEMALE,"92458 SOLIS DRIVES
CONNIEFURT, NJ 64973",55765.0
111,TLANG,DEBBIE,SANTIAGO,RACHAELMENDEZ@EXAMPLE.NET,%(STTUJY1J,%(STTUJY1J,+1-205-583-7749,FEMALE,"65354 JAMIE HILLS
WEST KRISTEN, DE 98108",44945.0
112,ARMSTRONGWILLIAM,DEANNA,JOSEPH,KYLE53@EXAMPLE.ORG,Y&8OV+A2QX,Y&8OV+A2QX,(179)992-5780X4727,MALE,"534 VILLA DRIVE
SOUTH JOHNSTAD, CA 07588",69834.0
113,JOMARTIN,RACHEL,RUSSO,SWILLIAMS@EXAMPLE.ORG,BJFU3AP+*4,BJFU3AP+*4,836-870-5641,FEMALE,"21654 HERNANDEZ JUNCTION SUITE 571
LAKE STEPHEN, OH 28003",14689.0
114,SBROWN,EVAN,HUGHES,RILEYTIMOTHY@EXAMPLE.ORG,%+Y8*MJL85,%+Y8*MJL85,864.103.3986,FEMALE,"2014 DIAZ WALKS SUITE 506
GREGORYMOUTH, NM 16673",64472.0
115,IGARZA,COURTNEY,LEWIS,BILLYWILSON@EXAMPLE.COM,!51HPYU(R#,!51HPYU(R#,+1-057-084-9398X145,FEMALE,"USNS REEVES
FPO AP 77537",66790.0
116,MICHAELCOOKE,MICHAEL,ORTIZ,WRHODES@EXAMPLE.ORG,%UCTNLKW7C,%UCTNLKW7C,+1-185-162-3784,MALE,"UNIT 4091 BOX 3472
DPO AE 97514",74827.0
117,LISA72,MICHAEL,BELL,FUENTESDANIEL@EXAMPLE.ORG,+MM6IT9JT8,+MM6IT9JT8,(909)052-1452,MALE,"898 CHARLES RANCH
MARSHALLMOUTH, WA 62302",45300.0
118,HWARD,AMANDA,ANDERSON,DKENT@EXAMPLE.ORG,H(8ICXB&KT,H(8ICXB&KT,467.364.5698X80989,FEMALE,"5864 KIM LANDING
JAMESPORT, VA 65586",31873.0
119,MANNINGANTHONY,STEVEN,PARKER,MICHAEL88@EXAMPLE.NET,_Y4OE&XV^D,_Y4OE&XV^D,429-929-2734,MALE,"543 COX STREET
LAKE AMYBURY, AL 35609",85232.0
120,WOODSANGELA,DIANE,HUANG,NUNEZCOURTNEY@EXAMPLE.ORG,XEL*DDYI(1,XEL*DDYI(1,977.126.6399X3100,MALE,"362 ALEXIS JUNCTIONS
LITON, TX 03026",76494.0
121,GAILBRADLEY,MARK,MARTIN,CINDYBARAJAS@EXAMPLE.ORG,#3R_3UL^^M,#3R_3UL^^M,1956917115,FEMALE,"304 MICHAEL PRAIRIE
SOUTH JAMES, MO 11567",55965.0
122,DOUGLASLEWIS,JAMES,MOSLEY,LONGKEVIN@EXAMPLE.NET,PR9T)JO8_V,PR9T)JO8_V,(781)406-5932X304,MALE,"018 JENNIFER BROOKS
SOUTH MICHAELLAND, KY 61155",48883.0
123,TONYALLOYD,MARK,SPEARS,CHUDSON@EXAMPLE.COM,P_HUB0QFM$,P_HUB0QFM$,(848)219-6747,MALE,"9019 ROWLAND VILLE
FITZGERALDMOUTH, OK 36746",83595.0
124,FROSTMIKAYLA,LISA,QUINN,KELLIHENDERSON@EXAMPLE.COM,KD7RV6X@T+,KD7RV6X@T+,+1-418-816-6924X310,MALE,"621 KRISTIN FORGE
PERKINSFORT, PW 61264",12674.0
125,NHILL,DOUGLAS,JONES,BAUERDANIELLE@EXAMPLE.NET,V5AAFSJ8(L,V5AAFSJ8(L,+1-030-520-2753X4746,MALE,"5567 JOHN HOLLOW APT. 313
NEW CHRISTOPHER, ME 55826",72291.0
126,COBBMEGAN,JOSHUA,BLEVINS,CLARKEWALTER@EXAMPLE.NET,@*O0VE8IP8,@*O0VE8IP8,302-866-1094,FEMALE,"USNV MAYER
FPO AP 65384",22175.0
127,EMILY24,RODNEY,JACKSON,WARRENRUBEN@EXAMPLE.NET,@%6&)+NRPK,@%6&)+NRPK,443.884.0099,MALE,"056 VASQUEZ SPRINGS
FARMERSIDE, CA 21895",99149.0
128,EFERNANDEZ,CARRIE,SMITH,VHALL@EXAMPLE.NET,W2NY$ZZZ@D,W2NY$ZZZ@D,800.222.9612,FEMALE,"7104 TRAVIS HOLLOW SUITE 197
PORTERMOUTH, HI 56709",36038.0
129,TAMMYSMITH,NICOLAS,BARR,CHRISTOPHERSOLOMON@EXAMPLE.COM,$4QU_4SYL0,$4QU_4SYL0,+1-830-357-7797X6508,FEMALE,"506 HALL TRACE APT. 401
NEW KARA, VA 76023",79018.0
130,MIGUELNGUYEN,DANIEL,SANDERS,JEFF14@EXAMPLE.COM,%(CKAFOMK8,%(CKAFOMK8,001-724-305-6902X199,MALE,"7468 SMITH CIRCLES SUITE 463
GRAVESBOROUGH, MT 68540",20954.0
131,KELLI10,STEVEN,VASQUEZ,SMITHJAMES@EXAMPLE.NET,_FQ_SKMB5*,_FQ_SKMB5*,001-489-803-7687X4319,FEMALE,"82491 DAVID SPRINGS SUITE 058
SOUTH JUDITHVIEW, AS 48635",69031.0
132,LFISCHER,BRITTANY,MOORE,JAYPERKINS@EXAMPLE.ORG,&HDSATY7V3,&HDSATY7V3,742-781-8561,FEMALE,"9785 ERIC VALLEYS APT. 022
THOMPSONVILLE, CT 65376",12405.0
133,ANDREW22,DANIEL,BROWN,FJOHNSTON@EXAMPLE.ORG,31MZEZ4F$6,31MZEZ4F$6,+1-238-749-7777X73738,FEMALE,"PSC 9843, BOX 7569
APO AA 05542",16426.0
134,CHAYES,MARTIN,DAVIDSON,XWARNER@EXAMPLE.COM,Z#F!S@KAI6,Z#F!S@KAI6,3664321810,FEMALE,"399 REED VILLAGE
PORT WILLIAM, MT 53078",93696.0
135,GMENDOZA,DON,MOSES,LPHILLIPS@EXAMPLE.NET,_E48IJNKR#,_E48IJNKR#,+1-634-668-4052X39963,MALE,"8371 MARIAH STRAVENUE
SOUTH STACYCHESTER, PR 75755",241.0
136,DROBINSON,DEREK,UNDERWOOD,JEFFREY88@EXAMPLE.COM,JD!20LBH5P,JD!20LBH5P,001-022-224-0022X243,FEMALE,"87129 JESSE PIKE APT. 999
LAKE PATRICIA, TX 03068",69931.0
137,UWOOD,ZACHARY,COOPER,MICHAELPAYNE@EXAMPLE.COM,)CNZRD2I&1,)CNZRD2I&1,001-181-348-5348,MALE,"245 JEREMY COVE APT. 060
KEVINSIDE, FL 81522",44390.0
138,MATHEWSKENNETH,DEBBIE,MITCHELL,THOMASWISE@EXAMPLE.NET,$$PIWBOYT6,$$PIWBOYT6,422-586-7459X55670,FEMALE,"011 NICOLE LIGHTS
TURNERMOUTH, GA 85570",88013.0
139,FBOYD,CHELSEA,WHITE,PRICEJACKSON@EXAMPLE.NET,L(7OBYT)V!,L(7OBYT)V!,(875)349-5425X40513,MALE,"952 COHEN WALK SUITE 036
NEW JAKE, GU 93035",80881.0
140,STACEYSMITH,KELSEY,PITTS,JAMESMARTINEZ@EXAMPLE.NET,NTYEB3&(_6,NTYEB3&(_6,725-650-4967,MALE,"891 AYALA LOCKS APT. 665
LAKE DANIEL, WI 66176",16502.0
141,WEAVERDANIEL,ANDREW,DAVIS,MHILL@EXAMPLE.COM,_99JNWK3$L,_99JNWK3$L,001-432-269-9070,FEMALE,"2201 MCDANIEL MOTORWAY
ROBERTSHIRE, CO 70852",38250.0
142,ADAMBRANCH,SHERRY,HARTMAN,KMCKINNEY@EXAMPLE.NET,8PD1JYCL)I,8PD1JYCL)I,(146)663-9655X75070,MALE,"88394 SMITH COURTS APT. 185
NORTH DENISE, CT 30822",64910.0
143,JOELRILEY,KARINA,BARRY,SCOTTCHRISTOPHER@EXAMPLE.NET,HP$!BEQB&1,HP$!BEQB&1,(219)247-6084X67911,FEMALE,"9929 MCMILLAN COURTS SUITE 201
EAST PATRICIABURY, OK 25049",87004.0
144,WOODARDMICHAEL,WILLIAM,PIERCE,KRISTINEBENNETT@EXAMPLE.ORG,+X6N2NWT(A,+X6N2NWT(A,007-852-4448X5916,MALE,"175 HENRY SHOALS APT. 695
JONESCHESTER, AZ 53119",95811.0
145,JOSHUAJONES,TARA,SWANSON,BROWNMARGARET@EXAMPLE.NET,XE1M%QVCR_,XE1M%QVCR_,001-700-540-6948X9732,MALE,"987 JONES BURGS
RAMSEYMOUTH, KY 26245",9925.0
146,DOUGLAS94,MATTHEW,CALDWELL,LORI99@EXAMPLE.ORG,)2714Y)A(O,)2714Y)A(O,001-495-159-7856X0238,FEMALE,"272 MICHAEL KEY APT. 541
EAST MELISSAMOUTH, HI 69473",60021.0
147,CHARLENE11,SANDRA,TAYLOR,MIGUELGREER@EXAMPLE.ORG,GC72M_R@%K,GC72M_R@%K,001-069-722-0417X150,FEMALE,"072 RYAN FREEWAY
GARRISONMOUTH, ME 75332",69980.0
148,SCOTT98,NICHOLAS,GRANT,BRYANWEST@EXAMPLE.ORG,8%X2TNIBO*,8%X2TNIBO*,(873)181-2579X9844,MALE,"361 KEVIN FORGE SUITE 529
WEST MICHELLESHIRE, WA 89618",40884.0
149,MARK80,DAVID,FORD,JBAXTER@EXAMPLE.NET,^DPWVO3C_1,^DPWVO3C_1,244.537.9950X8173,FEMALE,"16209 VILLARREAL TURNPIKE APT. 162
PORT RYANBURY, MD 57262",89260.0
150,WILLIAM26,MARK,OSBORNE,BARNESGREGORY@EXAMPLE.COM,M@H1BBTDFX,M@H1BBTDFX,+1-876-300-3508X24019,MALE,"126 JONES PARKS APT. 340
EAST LAUREN, AZ 04058",76014.0
151,NICHOLSMELISSA,BRANDY,CHEN,JASON38@EXAMPLE.NET,WD5#NG3AG*,WD5#NG3AG*,(662)606-4808,FEMALE,"37569 MOORE CIRCLES SUITE 240
MONTGOMERYBURY, FM 44981",59842.0
152,SFRANCO,KIMBERLY,RICHARDSON,JOHN49@EXAMPLE.ORG,^ZRWF_EP)9,^ZRWF_EP)9,001-500-605-2696X22038,FEMALE,"283 PETTY SPUR
SOUTH HENRYSTAD, VI 16126",30318.0
153,JSANDERS,AMANDA,LEWIS,BRIANDOMINGUEZ@EXAMPLE.COM,J0KHNNZ+!),J0KHNNZ+!),(295)889-1712,MALE,"12221 ELIZABETH CAUSEWAY SUITE 602
SOUTH KELSEYCHESTER, OK 70915",69294.0
154,TIM94,EMILY,YODER,WILLIAMGOMEZ@EXAMPLE.ORG,__O2QMR+AU,__O2QMR+AU,+1-374-584-7644X420,MALE,"8864 MEYER SQUARES
JOYFURT, NC 73971",47319.0
155,GRAHAMEMILY,SUSAN,ARMSTRONG,REEDPATRICK@EXAMPLE.COM,(DYZCDTO4M,(DYZCDTO4M,(568)031-1657,MALE,"70067 JARVIS SPRING APT. 760
JIMMYVILLE, SD 98416",87915.0
156,DANIELHAYES,CHAD,GREEN,SARAH50@EXAMPLE.NET,1F9W!5KRMR,1F9W!5KRMR,001-535-760-0934X3416,FEMALE,"832 KATHRYN GROVE APT. 432
SOUTH MICHAEL, ID 85363",67333.0
157,TERRIPITTMAN,CHRISTOPHER,HULL,BWILKINS@EXAMPLE.COM,QLT*7SLNBT,QLT*7SLNBT,001-616-532-4508X82769,FEMALE,"990 PATTERSON COVE APT. 451
JENKINSFORT, NJ 45165",48678.0
158,DAVIDWATKINS,NOAH,HENRY,VERONICAIBARRA@EXAMPLE.NET,VUI%AGRU^8,VUI%AGRU^8,318.487.8026X6547,FEMALE,"6112 PARKER VIA
VASQUEZSTAD, MD 37109",44797.0
159,FRANKSMITH,RALPH,WOODS,LARSENNATHANIEL@EXAMPLE.COM,3HBN(XXV!N,3HBN(XXV!N,001-964-217-9451X06039,FEMALE,"008 RAMIREZ UNIONS
SOUTH NICOLEMOUTH, KS 59916",36853.0
160,ALEX06,STEPHEN,GRAHAM,TIMOTHYSTEVENS@EXAMPLE.NET,J%V7EALD)@,J%V7EALD)@,312.383.8839X549,MALE,"856 FLOYD BYPASS
JORDANPORT, RI 31798",1918.0
161,PAULAWAGNER,ROY,ANDERSEN,DEBBIE43@EXAMPLE.NET,0&9WTLEHJN,0&9WTLEHJN,110-942-7384X40159,MALE,"2146 JOHNSON TURNPIKE
PORT CHRISTINEBERG, CT 12837",89235.0
162,ADAM96,NICOLE,FLOWERS,JILL64@EXAMPLE.ORG,$P9LAXGP&V,$P9LAXGP&V,001-128-196-7882,MALE,"84986 HARPER GROVE
SOUTH DUSTINMOUTH, CO 09218",10670.0
163,EDWARD15,LISA,CALLAHAN,KENNETH75@EXAMPLE.ORG,D_D3DZIH+O,D_D3DZIH+O,001-512-628-6850X3421,MALE,"39433 EATON OVAL
NELSONHAVEN, MN 25182",24911.0
164,BILLY22,MATTHEW,GRAHAM,MARSHALLTYLER@EXAMPLE.COM,WP3)QH7&$S,WP3)QH7&$S,(886)387-8855,FEMALE,"0377 BERG FORT APT. 084
HERNANDEZVILLE, PW 69069",64720.0
165,CHRISTINE23,COURTNEY,RAMIREZ,RTURNER@EXAMPLE.ORG,H8B05QSC&F,H8B05QSC&F,+1-587-030-5342X13997,MALE,"8322 JAMES SPRINGS
SOUTH TIMOTHY, AK 48042",63372.0
166,RWILLIAMS,TAMI,HUGHES,FMILLS@EXAMPLE.ORG,+6OLTX@GYT,+6OLTX@GYT,859-944-8627,FEMALE,"567 JAMES VALLEYS
NEW OSCAR, MO 54409",74058.0
167,KRISTEN23,ALLEN,ROSALES,LESLIE56@EXAMPLE.NET,BQV7J$IZG&,BQV7J$IZG&,(982)477-6456X6947,MALE,"219 SHELTON SPRINGS
WEST TIMOTHYTON, DE 02969",19022.0
168,AWILLIAMS,MICHAEL,MOORE,ROBERTTURNER@EXAMPLE.COM,EMU4R@O__U,EMU4R@O__U,576.964.6882,FEMALE,"2140 KEVIN RAPIDS
EAST JUDITH, NJ 71481",84896.0
169,GANDERSEN,MICHAEL,JOHNSON,DIAZPATRICK@EXAMPLE.COM,UL77QM5L+C,UL77QM5L+C,(783)782-1202X49640,FEMALE,"005 MELISSA CORNER
EAST AUSTIN, MO 26967",43915.0
170,ZWOODS,BRIAN,STRICKLAND,FISHERAPRIL@EXAMPLE.ORG,3P8HEOFR)U,3P8HEOFR)U,(715)551-0797X0404,MALE,"453 LAWRENCE RUN
SOUTH JOSHUABURY, VA 65603",89119.0
171,ALYSSAHO,NATASHA,DUKE,NPATTERSON@EXAMPLE.COM,&61QIPNB%P,&61QIPNB%P,658.406.7560,MALE,"8388 MILLS LIGHTS
NORTH CARLOS, VI 64134",40508.0
172,XNEWMAN,JENNIFER,MCCLAIN,HODGESSHARON@EXAMPLE.NET,I0IL!RF_%E,I0IL!RF_%E,154-868-3332X6185,FEMALE,"9744 COCHRAN FALLS SUITE 136
ALEXANDERPORT, MP 48214",82500.0
173,HEATHERSMITH,EMILY,WILLIAMS,LINDSEY71@EXAMPLE.COM,CD!19DJHCH,CD!19DJHCH,(638)287-2847X1352,MALE,"66613 HULL DRIVE
CYNTHIAVIEW, CT 21627",44408.0
174,HAMPTONMAUREEN,GARY,MERCER,ZDAVIS@EXAMPLE.NET,(TU)M2&)W7,(TU)M2&)W7,9889840104,FEMALE,"11354 BROWN SUMMIT
PORT THOMASVIEW, NH 47061",10227.0
175,RENEE67,MATTHEW,NGUYEN,HEBERTWILLIAM@EXAMPLE.NET,E3XEOICY&1,E3XEOICY&1,608.446.3542X6648,FEMALE,"10312 REESE SUMMIT APT. 430
PORT JOHN, IA 36048",28876.0
176,JENNIFERTHORNTON,ANGEL,BRADY,MANNDARYL@EXAMPLE.ORG,W4P%3UHHVI,W4P%3UHHVI,723.451.4316,FEMALE,"USS OLSON
FPO AP 98891",86456.0
177,ASHLEY06,CAITLIN,LEE,DAVISSAMANTHA@EXAMPLE.COM,#Y0FUIQI)M,#Y0FUIQI)M,+1-487-648-6802,MALE,"490 HOLMES UNDERPASS
CARLOSHAVEN, WY 57502",28694.0
178,MANNINGJUAN,KAREN,TURNER,LYONSANGELA@EXAMPLE.NET,@X4D41TKL!,@X4D41TKL!,289-705-0142X3721,MALE,"807 RUIZ GLENS
NEW JACQUELINE, AL 02600",26859.0
179,ERIC02,JENNIFER,MARTIN,GBELL@EXAMPLE.NET,&8YD_ILO1M,&8YD_ILO1M,001-208-678-8115X6046,MALE,"488 DANIELLE TRACK SUITE 879
SHAWNSIDE, GU 21467",91587.0
180,JACOB63,SUSAN,FULLER,ZBAKER@EXAMPLE.NET,E5SZCS5F@*,E5SZCS5F@*,921-478-4335X38890,MALE,"230 WALTERS WALKS
SOUTH BRIANSIDE, AS 00998",95514.0
181,DANIELMACDONALD,JASON,JONES,TYRONE83@EXAMPLE.NET,N4MK$!JW%0,N4MK$!JW%0,+1-967-816-3024X25368,FEMALE,"4235 JASON CIRCLE
HANCOCKVILLE, MD 17996",6490.0
182,DAVID25,DAVID,RAMIREZ,CARRIECOMBS@EXAMPLE.NET,A9KF1QRX*A,A9KF1QRX*A,(957)092-2138X8882,FEMALE,"163 ALLISON VISTA APT. 657
LAKE AMANDAVILLE, AZ 48648",80952.0
183,SMARSH,GINA,GOODWIN,STEVEN76@EXAMPLE.ORG,276D1MNK%%,276D1MNK%%,270.203.8029X700,MALE,"76098 SCOTT SPURS
SOUTH GLEN, AL 52851",79183.0
184,HOLTROBERT,ROBERT,SHARP,MARTINEZDEANNA@EXAMPLE.NET,+0Z8PYG^LN,+0Z8PYG^LN,1801705778,FEMALE,"63169 WHEELER BURGS
THOMPSONBURGH, MT 72133",1995.0
185,JASMINEFUENTES,AMANDA,CASE,KELSEYROSS@EXAMPLE.NET,17VKA14X%3,17VKA14X%3,194-684-5835X714,MALE,"8127 CHEN FALL SUITE 694
ALVAREZHAVEN, ID 77384",7911.0
186,JOSHUA07,BIANCA,SMITH,REEDMICHAEL@EXAMPLE.COM,PWQRCAS9)3,PWQRCAS9)3,001-081-220-9527X69228,FEMALE,"985 GEORGE PINES
VALENCIAFORT, WV 43916",84165.0
187,ULANG,NICOLE,LAWSON,NMCCORMICK@EXAMPLE.COM,M11SEL)3&Z,M11SEL)3&Z,+1-513-902-9594,FEMALE,"3995 ELIZABETH TUNNEL SUITE 242
LAKE RYAN, TN 98498",88660.0
188,LKLINE,MISTY,POWELL,FINLEYMEGAN@EXAMPLE.ORG,^FW)J)FG4E,^FW)J)FG4E,278-330-2911X6107,MALE,"PSC 2621, BOX 6677
APO AP 27001",3169.0
189,FRANKMURRAY,LUIS,MELTON,MMURPHY@EXAMPLE.COM,#C0XDFRYR),#C0XDFRYR),(939)741-3125,MALE,"436 LESLIE HOLLOW
WEST MARYVIEW, CT 74185",18900.0
190,GWEBSTER,ANDREW,WILLIAMS,JULIE27@EXAMPLE.NET,)OE03VSDCP,)OE03VSDCP,+1-796-348-7475,MALE,"11029 ROBYN PLAINS SUITE 168
SOUTH COREYSIDE, SC 02899",21330.0
191,GONZALEZTARA,KRISTEN,HANSEN,DEBORAHCOOK@EXAMPLE.NET,XA9NE9NK%(,XA9NE9NK%(,881.795.4165,MALE,"76031 MYERS ORCHARD SUITE 675
NEW KIMBERLYSTAD, WV 91667",85992.0
192,ETHANWIGGINS,TAYLOR,ROBINSON,IRUSH@EXAMPLE.ORG,V!9JAE2EQL,V!9JAE2EQL,(108)303-6537X4639,MALE,"UNIT 2450 BOX 8075
DPO AA 46883",12786.0
193,KARA84,TYLER,PAUL,HILLMARY@EXAMPLE.COM,%+Q2*OPL%B,%+Q2*OPL%B,+1-954-919-8811X638,FEMALE,"423 ERIC HILL SUITE 257
HAWKINSFORT, OR 07690",82835.0
194,CATHERINERODRIGUEZ,APRIL,TRUJILLO,JOHNBROOKS@EXAMPLE.ORG,+DT(JLVA%5,+DT(JLVA%5,9227414487,FEMALE,"UNIT 7217 BOX 5108
DPO AP 39357",35147.0
195,WERNERDONALD,COURTNEY,SMITH,KDAVIS@EXAMPLE.ORG,A6FBDHQO#O,A6FBDHQO#O,417.868.0520X26313,MALE,"UNIT 9772 BOX 9329
DPO AE 40370",37594.0
196,BROOKSREBECCA,NICOLE,MOORE,DANIEL90@EXAMPLE.ORG,5#C1YI9J)D,5#C1YI9J)D,(400)634-8329,MALE,"4770 SANDERS LAND APT. 889
GUZMANVILLE, ME 18609",30424.0
197,GABRIELPOLLARD,MEGHAN,GUERRERO,KATIEMARTIN@EXAMPLE.ORG,U@_HA2EHX$,U@_HA2EHX$,+1-342-692-4548X87997,MALE,"USNS ADAMS
FPO AP 50804",60152.0
198,XMORGAN,JIM,HAYES,DANIELSALEXANDER@EXAMPLE.ORG,02BSRJQD+E,02BSRJQD+E,(899)065-7905X159,MALE,"697 KIRBY PATH
STARKBURGH, CA 61788",81620.0
199,GREGORY97,GUY,CANTRELL,MURRAYCHRISTOPHER@EXAMPLE.ORG,S&5YP3BZZ1,S&5YP3BZZ1,001-108-348-0764X13522,FEMALE,"4831 WALKER STRAVENUE SUITE 566
EAST ERICBURGH, MA 64877",63128.0
200,XWILLIAMS,STEVEN,ROCHA,JMURRAY@EXAMPLE.NET,8+42!H6S^T,8+42!H6S^T,(302)619-1435X74581,FEMALE,"20260 JONES GREENS SUITE 627
WEST PHILLIPTOWN, MI 53506",28505.0
201,LEACHLISA,LUKE,SHAH,MARTINDAVID@EXAMPLE.NET,MNEM1UGJ)L,MNEM1UGJ)L,+1-627-433-7567X606,FEMALE,"0491 HANSON FORKS SUITE 929
STEVENSPORT, MN 51506",2680.0
202,HUERTAJENNIFER,BELINDA,JONES,LISAOROZCO@EXAMPLE.COM,PD(1UNM(_%,PD(1UNM(_%,9552545468,FEMALE,"7495 RODRIGUEZ STREAM APT. 175
NEW DANIEL, AZ 42114",20675.0
203,MHUMPHREY,PATRICIA,FITZPATRICK,AMBERNICHOLS@EXAMPLE.NET,*6G!YWKI10,*6G!YWKI10,048-045-8668X14793,MALE,"79835 HUGHES COVES
SOUTH JOHN, NH 24357",42979.0
204,LOUISROMAN,PATRICIA,GILBERT,CODY12@EXAMPLE.ORG,GFYX1SUEM+,GFYX1SUEM+,+1-442-488-7805,MALE,"80389 PAUL FORGE
WEST LEAHMOUTH, MN 86693",95752.0
205,YSMITH,KEVIN,SCHMIDT,AMY23@EXAMPLE.COM,Q0AFNL^P^O,Q0AFNL^P^O,(494)144-2909,MALE,"749 GUZMAN THROUGHWAY SUITE 447
NEW KATHERINE, GA 54796",90660.0
206,SMILLER,ANDREW,GENTRY,JACOBSOLOMON@EXAMPLE.ORG,4_MDFKKF!%,4_MDFKKF!%,(045)131-9483X6099,FEMALE,"0256 THOMPSON HAVEN SUITE 118
LAKE ANTONIO, WV 84760",59066.0
207,BRADY03,MARIA,NORRIS,LHURST@EXAMPLE.NET,#4IPA^43^O,#4IPA^43^O,7041393570,FEMALE,"USNV HENRY
FPO AE 57248",81141.0
208,MELISSAJONES,STEPHANIE,TOWNSEND,WKNIGHT@EXAMPLE.ORG,G#TPWR(T!5,G#TPWR(T!5,+1-742-563-7462,FEMALE,"67853 BOYER COURSE APT. 548
GARNERMOUTH, MI 05290",5052.0
209,ANDREWFRANCIS,JACOB,MCCARTY,MJOHNSON@EXAMPLE.COM,_KBSKKAHI8,_KBSKKAHI8,001-182-458-8446X3833,FEMALE,"USS MAYS
FPO AA 74136",10571.0
210,TYLERHAMMOND,RYAN,AUSTIN,LAURENTURNER@EXAMPLE.NET,)8RUXB3IMY,)8RUXB3IMY,+1-648-752-3936,FEMALE,"4070 CHRISTOPHER COVES
NEW TANYABURY, GA 91942",85730.0
211,FLOYDJENNIFER,AMY,MCCARTY,WATSONEDWARD@EXAMPLE.NET,HP5QQIKG%C,HP5QQIKG%C,449-101-3939X08936,FEMALE,"32592 RIVERA PLAIN
WEST MINDY, PA 66255",40123.0
212,CASEYMARTIN,HAROLD,COLEMAN,DOUGLASJONES@EXAMPLE.ORG,B%F4E^Q3T#,B%F4E^Q3T#,+1-925-301-7372X6582,MALE,"05141 TRACI COVES SUITE 931
TURNERVIEW, NM 62719",15736.0
213,JESSICAOLIVER,JAMES,BATES,PAULFUENTES@EXAMPLE.COM,Y(4RR7P5)H,Y(4RR7P5)H,+1-826-317-1247,MALE,"601 JENNIFER AVENUE
OWENSBERG, MD 27160",39114.0
214,HULLCAITLIN,JANE,HARRIS,BRITTANY04@EXAMPLE.NET,EL^BVSYO@7,EL^BVSYO@7,001-807-155-7859X0556,FEMALE,"40585 EVELYN REST
MYERSLAND, NM 48328",85651.0
215,XWRIGHT,THOMAS,OLSON,ISUAREZ@EXAMPLE.COM,@1DSFGZU^G,@1DSFGZU^G,(305)616-3592,MALE,"142 JEROME PATH
PORT CHRISTOPHER, MA 63545",36330.0
216,FRANKNAVARRO,DAVID,MCKINNEY,XSCHULTZ@EXAMPLE.COM,&7BBKMMUGI,&7BBKMMUGI,692.004.0924,MALE,"128 BAILEY ORCHARD APT. 577
NEW JESUS, DC 86976",32172.0
217,SYDNEY73,RICHARD,FERGUSON,QPOWERS@EXAMPLE.ORG,P(73NQR&_1,P(73NQR&_1,0484843486,FEMALE,"2478 RIGGS RAPIDS
PORT ROBERTSHIRE, VA 88732",60819.0
218,DARRENBENNETT,MARCUS,HOLLAND,ELIZABETH17@EXAMPLE.ORG,!H2JSZ3746,!H2JSZ3746,+1-185-569-5169X3517,FEMALE,"8091 MARK SQUARE
NEW BRIANMOUTH, VI 59898",86424.0
219,MICHELEANDERSON,PHILIP,SMITH,JOSHUA17@EXAMPLE.NET,@XUFQINP#9,@XUFQINP#9,+1-355-529-8131X1501,FEMALE,"31046 VANESSA LOCKS SUITE 752
BENTONBURGH, UT 82813",71037.0
220,ZRICHARDSON,DYLAN,DELGADO,AARONWATERS@EXAMPLE.NET,AM9DJSBYU$,AM9DJSBYU$,001-716-235-9773X8040,MALE,"0807 WHITNEY GARDEN
HANEYFORT, FM 44850",97738.0
221,BAIRDAIMEE,RYAN,VANG,FERGUSONSTEVEN@EXAMPLE.COM,*&4HXP1CU!,*&4HXP1CU!,191-614-0551X1602,MALE,"221 THOMAS COVES
CALVINPORT, SC 08588",47468.0
222,DAVISFELICIA,CHELSEA,THOMPSON,DYLANROBERTS@EXAMPLE.NET,ZM8CMHXS)K,ZM8CMHXS)K,+1-716-976-1558,MALE,"PSC 7448, BOX 0242
APO AA 81817",77663.0
223,Talal@786,Talal,Tariq,mtttalaltariq@gmail.com,talal786,talal786,+923329117883,MALE,Bahawalpur,95964.0
224,ali@889,ALI,HASSAN,ali@gmail.com,konhawo,konhawo,03321889003,male,bahawalpur,735.0
225,usman@990,muhammad,usman,usman@gmail.com,usman123,usman123,03321223121,male,liaqatpur,1500.0
226,abbas123,Abbas,Abbasi,abbas@1234,abbas786,abbas786,03321998001,male,bahawalpur,10046.0
227,sazzad,sazzad,hossen,sd@gmail.com,ssazzadd,ssazzadd,01256892523,Male,Dhaka,1500.0
228,sazzad,Sazzad ,Hossen,sazzad@gmail.com,sazzad,sazzad,01865569365,Male,Dhaka,1500.0
229,amit,amit,sha,amit@gmail.com,amit,amit,01745456123,Male,Dhaka,
